City_ID,City,Lat,Lng,Max Temp,Humidity,Cloudiness,Wind Speed,Country,Date
0,Busselton,-33.65,115.3333,50.99,88,0,8.79,AU,2022-07-18 19:00:04
1,Adrar,20.5022,-10.0711,104.61,17,38,2.13,MR,2022-07-18 19:00:05
2,Puerto Ayora,-0.7393,-90.3518,75.16,89,93,4.0,EC,2022-07-18 18:56:03
3,Atuona,-9.8,-139.0333,77.58,66,6,18.05,PF,2022-07-18 19:00:06
4,Pevek,69.7008,170.3133,32.65,81,100,4.0,RU,2022-07-18 19:00:06
5,Arraial Do Cabo,-22.9661,-42.0278,72.55,80,98,2.68,BR,2022-07-18 19:00:07
6,Port Alfred,-33.5906,26.891,66.56,58,88,4.43,ZA,2022-07-18 19:00:07
7,Rikitea,-23.1203,-134.9692,74.35,78,36,12.8,PF,2022-07-18 19:00:08
8,Bredasdorp,-34.5322,20.0403,54.72,82,100,2.77,ZA,2022-07-18 19:00:09
9,Kodiak,57.79,-152.4072,55.31,77,100,2.19,US,2022-07-18 19:00:10
10,New Norfolk,-42.7826,147.0587,39.92,86,90,1.01,AU,2022-07-18 19:00:11
11,Jablah,35.3614,35.9256,79.36,76,0,4.03,SY,2022-07-18 19:00:11
12,Ilulissat,69.2167,-51.1,48.2,66,13,9.15,GL,2022-07-18 19:00:12
13,Hay River,60.8156,-115.7999,71.37,44,21,7.63,CA,2022-07-18 19:00:13
14,Qaanaaq,77.484,-69.3632,44.74,55,0,3.06,GL,2022-07-18 19:00:13
15,Jamestown,42.097,-79.2353,71.02,83,100,11.01,US,2022-07-18 18:59:49
16,Luanda,-8.8368,13.2343,69.35,91,0,9.66,AO,2022-07-18 19:00:02
17,Mataura,-46.1927,168.8643,43.48,97,100,0.83,NZ,2022-07-18 19:00:14
18,Sitka,57.0531,-135.33,55.76,85,100,4.85,US,2022-07-18 19:00:15
19,Faya,18.3851,42.4509,71.33,40,21,3.04,SA,2022-07-18 19:00:15
20,Nishihara,26.1842,127.7558,81.68,94,75,8.05,JP,2022-07-18 19:00:16
21,Pendleton,45.6721,-118.7886,76.05,36,0,5.01,US,2022-07-18 19:00:17
22,Sambava,-14.2667,50.1667,69.22,82,59,14.29,MG,2022-07-18 19:00:17
23,Iqaluit,63.7506,-68.5145,43.7,81,52,10.0,CA,2022-07-18 19:00:18
24,Waipawa,-41.4122,175.5153,52.32,69,100,10.78,NZ,2022-07-18 19:00:18
25,Punta Arenas,-53.15,-70.9167,41.11,75,40,31.07,CL,2022-07-18 18:57:08
26,Avarua,-21.2078,-159.775,71.65,83,75,3.44,CK,2022-07-18 19:00:19
27,Vila Franca Do Campo,37.7167,-25.4333,75.61,83,42,5.37,PT,2022-07-18 19:00:20
28,Kangaatsiaq,68.3065,-53.4641,42.1,89,89,7.45,GL,2022-07-18 19:00:20
29,Karagay,58.2667,54.9368,64.4,89,16,4.32,RU,2022-07-18 19:00:21
30,Kununurra,-15.7667,128.7333,55.38,94,6,2.3,AU,2022-07-18 18:57:02
31,Kahului,20.8947,-156.47,80.83,84,10,11.01,US,2022-07-18 19:00:22
32,Strezhevoy,60.7333,77.5889,60.01,69,100,6.96,RU,2022-07-18 19:00:23
33,Ushuaia,-54.8,-68.3,39.27,78,57,11.45,AR,2022-07-18 19:00:23
34,Senno,59.5336,33.9167,52.27,95,13,3.47,RU,2022-07-18 19:00:24
35,Hermanus,-34.4187,19.2345,53.8,80,100,4.59,ZA,2022-07-18 19:00:24
36,Bengkulu,-3.8004,102.2655,75.83,88,0,2.66,ID,2022-07-18 19:00:25
37,Georgetown,5.4112,100.3354,84.88,90,20,1.14,MY,2022-07-18 18:56:35
38,Lagoa,39.05,-27.9833,70.65,87,95,11.56,PT,2022-07-18 19:00:27
39,Hobart,-42.8794,147.3294,40.26,88,100,9.22,AU,2022-07-18 18:56:57
40,Staroye Drozhzhanoye,54.7266,47.5677,61.72,98,54,1.77,RU,2022-07-18 19:00:27
41,Broken Hill,-31.95,141.4333,39.81,67,4,7.94,AU,2022-07-18 19:00:28
42,Pacific Grove,36.6177,-121.9166,79.34,78,31,5.99,US,2022-07-18 18:59:59
43,Phetchabun,16.25,101.0833,79.84,81,92,1.34,TH,2022-07-18 19:00:30
44,Hilo,19.7297,-155.09,89.28,86,47,1.99,US,2022-07-18 19:00:30
45,Chuy,-33.6971,-53.4616,55.8,66,8,6.33,UY,2022-07-18 19:01:31
46,Saint-Philippe,-21.3585,55.7679,67.59,79,68,18.37,RE,2022-07-18 19:01:31
47,Dikson,73.5069,80.5464,45.21,77,100,13.38,RU,2022-07-18 19:01:32
48,Iranshahr,27.2025,60.6848,91.87,52,100,9.37,IR,2022-07-18 19:01:32
49,Likasi,-10.9814,26.7333,59.45,51,6,4.63,CD,2022-07-18 19:01:33
50,Pyatnitskoye,50.4233,37.8273,58.46,78,0,7.7,RU,2022-07-18 19:01:33
51,Huarmey,-10.0681,-78.1522,68.79,69,79,12.64,PE,2022-07-18 19:01:34
52,Bluff,-46.6,168.3333,43.81,79,100,15.1,NZ,2022-07-18 19:01:34
53,Sao Miguel Do Araguaia,-13.275,-50.1628,92.73,16,0,8.77,BR,2022-07-18 19:01:35
54,Socuellamos,39.2858,-2.7921,92.37,20,83,22.55,ES,2022-07-18 19:01:35
55,Mar Del Plata,-38.0023,-57.5575,56.08,67,20,11.99,AR,2022-07-18 18:59:24
56,Yuancheng,36.652,107.7896,66.81,55,100,9.84,CN,2022-07-18 19:01:36
57,Pianco,-7.1981,-37.9292,91.63,23,15,13.4,BR,2022-07-18 19:01:37
58,Saint-Augustin,51.226,-58.6502,71.37,55,98,8.3,CA,2022-07-18 19:01:37
59,Grindavik,63.8424,-22.4338,54.07,82,75,8.05,IS,2022-07-18 19:01:37
60,Tiksi,71.6872,128.8694,36.45,97,100,11.1,RU,2022-07-18 19:01:04
61,Lavrentiya,65.5833,-171.0,38.98,64,98,14.38,RU,2022-07-18 19:01:38
62,Geraldton,-28.7667,114.6,54.01,94,90,10.36,AU,2022-07-18 19:01:39
63,Hithadhoo,-0.6,73.0833,82.11,75,100,9.1,MV,2022-07-18 19:01:40
64,Kaitangata,-46.2817,169.8464,45.61,93,100,3.58,NZ,2022-07-18 19:01:40
65,Nanortalik,60.1432,-45.2371,47.05,79,85,4.03,GL,2022-07-18 18:58:30
66,Torbay,47.6666,-52.7314,79.88,55,9,11.36,CA,2022-07-18 19:00:33
67,Mantua,45.1667,10.7833,88.84,57,4,4.0,IT,2022-07-18 18:58:06
68,Ormara,25.2088,64.6357,83.48,88,8,9.51,PK,2022-07-18 19:01:42
69,Paragominas,-2.9667,-47.4833,88.21,53,91,3.18,BR,2022-07-18 19:00:36
70,Sandviken,60.6167,16.7667,61.29,68,100,2.44,SE,2022-07-18 19:01:42
71,Husavik,66.0449,-17.3389,51.96,75,84,4.79,IS,2022-07-18 19:01:43
72,Albany,42.6001,-73.9662,77.27,89,100,1.99,US,2022-07-18 18:59:43
73,Champerico,14.3,-91.9167,85.05,70,22,5.5,GT,2022-07-18 19:01:43
74,Mokhsogollokh,61.4681,128.9203,62.01,74,10,1.77,RU,2022-07-18 19:01:44
75,Port Elizabeth,-33.918,25.5701,63.32,91,56,1.01,ZA,2022-07-18 19:01:44
76,Cape Town,-33.9258,18.4232,55.9,82,40,9.22,ZA,2022-07-18 18:59:21
77,Maryborough,-25.5333,152.7,55.11,81,100,4.41,AU,2022-07-18 19:01:45
78,Miramar,25.9873,-80.2323,94.01,70,100,4.0,US,2022-07-18 19:00:13
79,Tandil,-37.3217,-59.1332,53.69,37,1,13.0,AR,2022-07-18 19:00:04
80,San Alberto,7.7611,-73.3922,86.59,71,43,3.18,CO,2022-07-18 19:00:18
81,Tottori,35.5,134.2333,76.55,92,100,12.12,JP,2022-07-18 19:01:46
82,Assiniboia,49.6334,-105.9845,86.49,37,82,14.47,CA,2022-07-18 19:01:46
83,East London,-33.0153,27.9116,69.6,40,6,6.46,ZA,2022-07-18 19:01:47
84,Ucluelet,48.9329,-125.5528,59.09,91,94,1.01,CA,2022-07-18 19:01:47
85,Bambous Virieux,-20.3428,57.7575,68.25,77,75,12.66,MU,2022-07-18 19:01:48
86,Santa Cruz,-17.8,-63.1667,78.85,53,75,16.11,BO,2022-07-18 18:57:13
87,Airai,-8.9266,125.4092,51.31,61,100,2.42,TL,2022-07-18 19:01:49
88,Boende,-0.2167,20.8667,70.84,97,100,3.15,CD,2022-07-18 19:01:49
89,Batagay,67.6333,134.6333,57.9,92,34,4.23,RU,2022-07-18 19:01:49
90,Katsuura,35.1333,140.3,79.23,85,100,20.69,JP,2022-07-18 18:57:27
91,Vaini,-21.2,-175.2,74.39,79,87,21.56,TO,2022-07-18 19:01:50
92,Padang,-0.9492,100.3543,76.82,80,22,4.05,ID,2022-07-18 19:01:51
93,Hualmay,-11.0964,-77.6139,66.83,71,63,11.95,PE,2022-07-18 19:01:51
94,Yulara,-25.2406,130.9889,49.89,26,0,7.43,AU,2022-07-18 19:02:51
95,Lerwick,60.1545,-1.1494,57.2,78,93,6.55,GB,2022-07-18 19:01:36
96,Saldanha,-33.0117,17.9442,56.91,80,0,16.62,ZA,2022-07-18 19:02:52
97,Aklavik,68.2191,-135.0107,68.68,58,100,5.06,CA,2022-07-18 19:02:52
98,Karakol,42.4907,78.3936,61.32,49,11,3.71,KG,2022-07-18 19:02:53
99,Alta Floresta,-9.8756,-56.0861,96.1,17,0,4.99,BR,2022-07-18 19:02:54
100,Butaritari,3.0707,172.7902,82.13,77,1,18.05,KI,2022-07-18 19:02:54
101,Smolensk,55.0,33.0,54.34,74,59,6.24,RU,2022-07-18 19:02:55
102,Kiunga,-6.1219,141.2906,71.13,100,100,1.74,PG,2022-07-18 19:02:55
103,Okha,53.5739,142.9478,53.56,97,98,15.64,RU,2022-07-18 19:02:56
104,Shache,38.4167,77.2406,89.71,13,0,7.14,CN,2022-07-18 19:02:56
105,Dubbo,-32.25,148.6167,37.53,81,5,8.05,AU,2022-07-18 19:02:57
106,Moose Factory,51.2585,-80.6094,75.18,73,100,19.57,CA,2022-07-18 19:02:57
107,Loveland,40.3978,-105.075,102.43,24,0,9.22,US,2022-07-18 19:02:58
108,Carutapera,-1.195,-46.02,81.7,77,79,11.07,BR,2022-07-18 19:02:58
109,Paamiut,61.994,-49.6678,44.22,83,100,4.63,GL,2022-07-18 19:02:59
110,Kapaa,22.0752,-159.319,82.72,79,75,16.11,US,2022-07-18 19:02:59
111,Upernavik,72.7868,-56.1549,42.89,75,99,1.36,GL,2022-07-18 19:03:00
112,Vostok,46.4856,135.8833,56.34,97,100,2.28,RU,2022-07-18 19:03:00
113,Souillac,-20.5167,57.5167,68.38,77,75,12.66,MU,2022-07-18 19:01:06
114,Yerofey Pavlovich,53.9667,121.9667,59.13,97,11,2.48,RU,2022-07-18 19:03:01
115,Huaidian,33.4333,115.0333,79.95,67,43,4.74,CN,2022-07-18 19:03:02
116,Victoria,22.2855,114.1577,86.38,81,100,11.99,HK,2022-07-18 18:59:14
117,Vitre,48.1178,-1.2058,99.48,12,0,14.34,FR,2022-07-18 19:03:03
118,San Patricio,28.017,-97.5169,97.52,44,33,15.55,US,2022-07-18 19:03:03
119,Victor Harbor,-35.5667,138.6167,45.68,76,100,7.31,AU,2022-07-18 19:03:04
120,Solnechnyy,50.7214,136.6319,56.52,98,100,5.59,RU,2022-07-18 19:03:04
121,Cidreira,-30.1811,-50.2056,61.12,79,0,7.78,BR,2022-07-18 19:03:05
122,Puerto Leguizamo,-0.1934,-74.7819,82.2,80,86,3.0,CO,2022-07-18 19:00:18
123,Erice,38.037,12.5865,79.36,68,0,7.43,IT,2022-07-18 19:03:06
124,Yeppoon,-23.1333,150.7333,49.78,85,0,4.25,AU,2022-07-18 19:03:07
125,Longyearbyen,78.2186,15.6401,53.44,62,40,13.8,SJ,2022-07-18 19:03:07
126,Saint-Louis,16.3333,-15.0,97.11,32,100,10.33,SN,2022-07-18 19:03:09
127,Coahuayana,18.7333,-103.6833,90.07,55,100,6.24,MX,2022-07-18 19:03:10
128,Tuktoyaktuk,69.4541,-133.0374,55.85,79,100,10.51,CA,2022-07-18 19:03:11
129,Byron Bay,-28.65,153.6167,49.71,76,0,10.25,AU,2022-07-18 19:03:11
130,Dingle,10.9995,122.6711,75.72,94,100,3.38,PH,2022-07-18 19:03:12
131,Buchanan,5.8808,-10.0467,75.96,79,91,12.66,LR,2022-07-18 19:03:13
132,College,64.8569,-147.8028,59.47,91,100,9.22,US,2022-07-18 19:01:05
133,Port Hedland,-20.3167,118.5667,55.45,88,2,4.61,AU,2022-07-18 19:03:13
134,Dhankuta,26.9833,87.3333,70.48,88,100,3.36,NP,2022-07-18 19:03:14
135,Barrow,71.2906,-156.7887,41.02,87,100,11.5,US,2022-07-18 19:01:57
136,Vao,-22.6667,167.4833,74.23,81,100,4.7,NC,2022-07-18 19:03:14
137,Nyakahanga,-1.6033,31.1414,61.81,51,33,0.43,TZ,2022-07-18 19:03:15
138,Carnarvon,-24.8667,113.6333,63.36,67,0,13.53,AU,2022-07-18 19:03:15
139,Cabo San Lucas,22.8909,-109.9124,93.61,66,40,13.8,MX,2022-07-18 19:02:41
140,Yellowknife,62.456,-114.3525,69.57,56,8,10.0,CA,2022-07-18 19:00:33
141,Yamada,39.4667,141.95,71.11,86,100,2.08,JP,2022-07-18 19:04:16
142,Vila Velha,-20.3297,-40.2925,76.95,77,3,5.99,BR,2022-07-18 19:01:20
143,Phalodi,27.1333,72.3667,85.75,74,100,8.21,IN,2022-07-18 19:04:17
144,Gamba,-2.65,10.0,70.47,91,13,5.75,GA,2022-07-18 19:04:17
145,Zelenoborskiy,66.845,32.3622,56.93,88,98,6.02,RU,2022-07-18 19:04:18
146,Ostrovnoy,68.0531,39.5131,56.19,88,15,8.01,RU,2022-07-18 19:04:18
147,Saint George,37.1041,-113.5841,100.63,26,0,5.75,US,2022-07-18 19:03:48
148,Ukholovo,53.7929,40.4892,56.77,93,100,11.1,RU,2022-07-18 19:04:19
149,Praia Da Vitoria,38.7333,-27.0667,75.76,87,40,7.92,PT,2022-07-18 19:02:23
150,Iskateley,67.6803,53.1512,61.27,72,36,8.48,RU,2022-07-18 19:04:21
151,Nikolskoye,59.7035,30.7861,58.89,84,78,4.45,RU,2022-07-18 19:04:21
152,Bentiu,9.2333,29.8333,69.62,96,18,3.31,SS,2022-07-18 19:04:21
153,Ancud,-41.8697,-73.8203,44.22,69,14,6.76,CL,2022-07-18 19:04:22
154,Agadez,19.75,10.25,97.45,14,80,6.51,NE,2022-07-18 19:04:23
155,Cerro Largo,-28.1486,-54.7381,63.97,61,41,1.79,BR,2022-07-18 19:04:23
156,Ishigaki,24.3448,124.1572,84.58,85,100,20.65,JP,2022-07-18 19:04:24
157,Aykhal,66.0,111.5,46.02,93,100,5.73,RU,2022-07-18 19:04:24
158,Skjervoy,70.0311,20.9714,50.0,96,100,4.09,NO,2022-07-18 19:04:25
159,Lebu,-37.6167,-73.65,48.87,64,78,7.29,CL,2022-07-18 19:02:23
160,Santiago Del Estero,-27.7951,-64.2615,67.91,28,0,5.55,AR,2022-07-18 19:00:09
161,Virginia Beach,36.8529,-75.978,95.0,59,64,7.0,US,2022-07-18 19:00:17
162,Krasnoselkup,65.7,82.4667,54.05,79,97,8.41,RU,2022-07-18 19:04:26
163,Vagur,61.4732,-6.8119,51.31,84,100,9.91,FO,2022-07-18 19:04:27
164,Pangnirtung,66.1451,-65.7125,48.79,64,97,3.96,CA,2022-07-18 19:01:13
165,Shizukuishi,39.6833,140.9833,67.96,95,43,0.65,JP,2022-07-18 19:04:28
166,Raudeberg,61.9875,5.1352,56.07,82,99,12.28,NO,2022-07-18 19:04:28
167,Nizwa,22.9333,57.5333,85.86,59,100,1.63,OM,2022-07-18 19:04:29
168,Port Lincoln,-34.7333,135.8667,52.65,61,100,9.69,AU,2022-07-18 19:04:29
169,Bilasipara,26.232,90.2347,80.08,89,100,5.68,IN,2022-07-18 19:04:30
170,Maldonado,-34.6667,-54.9167,56.59,65,0,10.09,UY,2022-07-18 19:04:30
171,Asau,46.4333,26.4,63.52,51,100,3.58,RO,2022-07-18 19:03:31
172,Manacapuru,-3.2997,-60.6206,89.24,52,100,2.3,BR,2022-07-18 19:04:31
173,Guerrero Negro,27.9769,-114.0611,82.85,47,6,9.93,MX,2022-07-18 19:04:31
174,Amalapuram,16.5833,82.0167,78.26,91,100,3.85,IN,2022-07-18 19:04:32
175,Korla,41.7597,86.1469,83.08,17,5,10.63,CN,2022-07-18 19:04:32
176,Narsaq,60.9167,-46.05,61.02,65,100,4.97,GL,2022-07-18 19:04:33
177,Wattegama,6.7989,81.4808,76.15,85,13,1.83,LK,2022-07-18 19:04:33
178,Ushtobe,45.2514,77.9838,73.36,41,44,4.45,KZ,2022-07-18 19:04:34
179,Kavaratti,10.5669,72.642,80.8,78,100,21.21,IN,2022-07-18 19:04:34
180,Brus Laguna,15.75,-84.4833,81.7,90,100,7.05,HN,2022-07-18 19:04:35
181,Chokurdakh,70.6333,147.9167,42.03,74,46,10.18,RU,2022-07-18 19:04:35
182,Olafsvik,64.8945,-23.7142,53.08,77,100,5.48,IS,2022-07-18 19:04:36
183,Hornepayne,49.2138,-84.7705,78.44,58,100,12.24,CA,2022-07-18 19:05:36
184,Noshiro,40.2039,140.0242,69.71,94,98,5.26,JP,2022-07-18 19:05:37
185,Noumea,-22.2763,166.4572,73.99,99,100,2.04,NC,2022-07-18 19:05:37
186,Severo-Kurilsk,50.6789,156.125,52.52,96,90,5.95,RU,2022-07-18 19:05:38
187,Shahpur,16.7,76.8333,75.29,83,27,8.99,IN,2022-07-18 19:05:38
188,Takoradi,4.8845,-1.7554,75.09,78,93,8.43,GH,2022-07-18 19:05:39
189,Petropavlovsk-Kamchatskiy,53.0452,158.6483,52.39,100,100,2.24,RU,2022-07-18 19:05:39
190,Half Moon Bay,37.4636,-122.4286,90.88,64,0,13.8,US,2022-07-18 19:02:46
191,Tasiilaq,65.6145,-37.6368,46.56,82,59,3.65,GL,2022-07-18 19:02:13
192,Svetlogorsk,52.6333,29.7333,57.45,79,51,5.12,BY,2022-07-18 19:05:40
193,Cosautlan,19.3333,-96.9833,78.26,60,94,7.0,MX,2022-07-18 19:05:40
194,Anisoc,1.8658,10.7689,70.9,84,83,3.27,GQ,2022-07-18 19:05:41
195,Nelson Bay,-32.7167,152.15,50.0,95,99,8.99,AU,2022-07-18 19:05:41
196,Flinders,-34.5833,150.8552,49.17,70,64,10.0,AU,2022-07-18 19:01:22
197,Mitsamiouli,-11.3847,43.2844,76.05,74,82,12.03,KM,2022-07-18 19:05:42
198,Korem,12.5058,39.5228,62.74,61,70,3.44,ET,2022-07-18 19:05:42
199,Sheopur,25.6667,76.7,89.83,57,68,5.75,IN,2022-07-18 19:05:43
200,Salym,60.0625,71.4789,59.72,67,19,5.5,RU,2022-07-18 19:05:43
201,Kieta,-6.2167,155.6333,77.94,80,33,3.11,PG,2022-07-18 19:05:44
202,Lanigan,51.8501,-105.0344,78.22,51,100,3.38,CA,2022-07-18 19:05:44
203,Chicama,-7.8447,-79.1469,61.34,58,17,10.45,PE,2022-07-18 19:05:45
204,Fairbanks,64.8378,-147.7164,59.49,88,75,11.5,US,2022-07-18 19:04:21
205,Gavle,60.6745,17.1417,62.46,69,100,2.64,SE,2022-07-18 19:05:46
206,Nabire,-3.3667,135.4833,75.13,92,100,3.24,ID,2022-07-18 19:05:46
207,Mahebourg,-20.4081,57.7,68.29,77,75,12.66,MU,2022-07-18 19:01:38
208,Hailey,43.5196,-114.3153,84.79,20,0,18.99,US,2022-07-18 19:05:15
209,Clyde River,70.4692,-68.5914,41.97,77,83,6.38,CA,2022-07-18 19:04:22
210,Portland,45.5234,-122.6762,72.0,63,75,10.36,US,2022-07-18 19:02:36
211,Lujiang,31.2581,117.2817,77.31,81,99,3.56,CN,2022-07-18 19:05:47
212,Marawi,7.9986,124.2928,69.03,96,100,3.02,PH,2022-07-18 19:05:48
213,Houma,29.5958,-90.7195,97.0,65,40,4.61,US,2022-07-18 19:04:47
214,Castro,-24.7911,-50.0119,59.13,95,100,2.64,BR,2022-07-18 19:05:48
215,Salalah,17.0151,54.0924,78.89,89,100,5.75,OM,2022-07-18 19:05:49
216,Kalabo,-14.97,22.6814,56.91,39,4,5.97,ZM,2022-07-18 19:05:49
217,Ponta Do Sol,32.6667,-17.1,75.0,77,15,4.23,PT,2022-07-18 19:04:51
218,Lavaltrie,45.8834,-73.2824,74.91,93,100,6.89,CA,2022-07-18 19:05:50
219,Fukuma,33.7667,130.4667,80.29,90,100,17.27,JP,2022-07-18 19:05:50
220,Mitu,1.1983,-70.1733,83.98,70,48,1.95,CO,2022-07-18 19:05:51
221,Constitucion,-35.3333,-72.4167,55.17,76,96,9.57,CL,2022-07-18 19:05:51
222,Novobiryusinskiy,56.9578,97.7076,49.39,97,11,5.84,RU,2022-07-18 19:05:52
223,Thompson,55.7435,-97.8558,81.34,34,7,3.13,CA,2022-07-18 19:02:41
224,Lixourion,38.2019,20.4314,86.0,66,20,6.91,GR,2022-07-18 19:05:52
225,Emerald,-23.5333,148.1667,54.37,65,1,10.71,AU,2022-07-18 19:05:53
226,Ati,13.2154,18.3353,89.62,42,23,4.16,TD,2022-07-18 19:05:53
227,Hami,42.8,93.45,78.46,33,68,5.57,CN,2022-07-18 19:02:35
228,Praya,14.9215,-23.5087,76.28,81,71,16.06,CV,2022-07-18 19:05:54
229,Bud,39.447,-86.1758,84.04,73,46,0.74,US,2022-07-18 19:02:21
230,Klaksvik,62.2266,-6.589,52.72,89,100,5.73,FO,2022-07-18 19:06:55
231,Talnakh,69.4865,88.3972,54.73,63,99,1.92,RU,2022-07-18 19:06:55
232,Praia,14.9215,-23.5087,76.28,81,71,16.06,CV,2022-07-18 19:06:56
233,Koson,39.0375,65.585,91.72,17,0,18.37,UZ,2022-07-18 19:06:56
234,Sorland,67.667,12.6934,53.46,83,85,13.67,NO,2022-07-18 19:06:57
235,Bosanska Gradiska,45.1411,17.25,75.45,33,5,3.27,BA,2022-07-18 19:06:57
236,Shelburne,44.0787,-80.2041,77.76,67,99,9.26,CA,2022-07-18 19:06:58
237,Avera,33.194,-82.5271,90.55,48,80,9.51,US,2022-07-18 19:06:59
238,Pierre,44.3683,-100.351,103.12,30,0,18.41,US,2022-07-18 19:06:59
239,Klyuchi,52.2667,79.1667,60.06,62,2,6.31,RU,2022-07-18 19:07:00
240,Esmeraldas,-19.7625,-44.3139,79.66,24,0,9.57,BR,2022-07-18 19:07:00
241,Roald,62.5833,6.1333,60.17,76,75,12.66,NO,2022-07-18 19:07:00
242,Toora-Khem,52.4675,96.11,52.7,77,100,4.05,RU,2022-07-18 19:07:01
243,Saint Anthony,45.0205,-93.218,95.83,46,0,12.66,US,2022-07-18 19:02:41
244,Gdansk,54.3521,18.6464,67.15,85,0,6.91,PL,2022-07-18 19:05:44
245,Esperance,-33.8667,121.9,51.64,88,70,5.06,AU,2022-07-18 19:07:02
246,Garca,-22.2106,-49.6561,84.36,35,100,3.91,BR,2022-07-18 19:07:02
247,La Ronge,55.1001,-105.2842,74.84,41,26,4.72,CA,2022-07-18 19:07:03
248,Charters Towers,-20.1,146.2667,55.78,64,0,6.38,AU,2022-07-18 19:03:12
249,Port Blair,11.6667,92.75,81.41,84,96,7.94,IN,2022-07-18 19:07:04
250,Mahibadhoo,3.7833,72.9667,83.14,74,100,15.93,MV,2022-07-18 19:07:04
251,Lorengau,-2.0226,147.2712,80.02,76,100,4.61,PG,2022-07-18 19:07:05
252,Ejura,7.3856,-1.3562,74.79,77,88,3.51,GH,2022-07-18 19:02:49
253,Porto Murtinho,-21.6989,-57.8825,91.54,28,89,7.43,BR,2022-07-18 19:07:06
254,Kabale,-1.2486,29.9899,63.23,57,100,3.44,UG,2022-07-18 19:07:06
255,Baruun-Urt,46.6806,113.2792,61.75,45,0,3.85,MN,2022-07-18 19:07:06
256,Anchorage,61.2181,-149.9003,57.94,88,100,8.05,US,2022-07-18 19:05:46
257,Ribeira Grande,38.5167,-28.7,75.6,88,75,11.5,PT,2022-07-18 19:07:07
258,Mandali,33.7499,45.5541,100.02,11,0,8.86,IQ,2022-07-18 19:07:08
259,Fayetteville,35.0527,-78.8784,93.88,57,40,8.05,US,2022-07-18 19:05:17
260,Penzance,50.1186,-5.5371,74.08,59,35,14.54,GB,2022-07-18 19:04:41
261,Corinto,37.9407,22.9573,81.9,45,0,3.49,GR,2022-07-18 19:07:09
262,Wanxian,30.8039,108.3897,78.89,92,100,1.07,CN,2022-07-18 19:05:15
263,Jiexiu,37.0244,111.9125,74.97,39,99,3.58,CN,2022-07-18 19:07:09
264,Nouadhibou,20.931,-17.0347,68.63,88,6,18.25,MR,2022-07-18 19:07:10
265,Destin,30.3935,-86.4958,93.16,69,75,12.66,US,2022-07-18 19:05:10
266,Biak,-0.9131,122.8766,73.36,90,100,3.62,ID,2022-07-18 19:07:11
267,Bucerias,20.75,-105.3333,89.98,58,20,5.75,MX,2022-07-18 19:06:45
268,Tommot,58.9564,126.2925,61.2,95,37,1.7,RU,2022-07-18 19:07:11
269,Belyy Yar,53.6039,91.3903,60.69,72,0,8.95,RU,2022-07-18 19:07:12
270,Okhotsk,59.3833,143.3,56.21,93,100,0.51,RU,2022-07-18 19:07:12
271,Los Llanos De Aridane,28.6585,-17.9182,74.12,81,20,14.97,ES,2022-07-18 19:07:12
272,Sakakah,29.9697,40.2064,97.32,16,3,9.33,SA,2022-07-18 19:07:13
273,Miri,4.4148,114.0089,76.53,76,100,3.27,MY,2022-07-18 19:07:14
274,Vardo,70.3705,31.1107,57.18,82,0,6.91,NO,2022-07-18 19:08:14
275,Gimli,50.6336,-96.9907,77.45,64,23,5.37,CA,2022-07-18 19:08:15
276,Koumac,-20.5667,164.2833,71.6,92,50,4.9,NC,2022-07-18 19:08:15
277,Cherskiy,68.75,161.3,49.51,53,47,6.15,RU,2022-07-18 19:08:15
278,Murray Bridge,-35.1167,139.2667,47.12,71,100,2.19,AU,2022-07-18 19:08:16
279,Xining,36.6167,101.7667,50.63,92,30,2.48,CN,2022-07-18 19:08:16
280,Jatara,25.0167,79.05,90.63,52,100,7.78,IN,2022-07-18 19:06:16
281,Kingston Upon Hull,53.7446,-0.3353,93.92,31,75,5.75,GB,2022-07-18 19:08:17
282,Porto Empedocle,37.2934,13.5264,87.31,66,9,2.86,IT,2022-07-18 19:08:17
283,Kargasok,59.0556,80.8572,58.71,69,78,10.4,RU,2022-07-18 19:08:18
284,Uzunovo,54.5386,38.6173,59.65,92,100,8.46,RU,2022-07-18 19:08:18
285,Koslan,63.4564,48.8989,62.91,65,93,3.85,RU,2022-07-18 19:08:19
286,Pangoa,-12.1167,-73.0,77.99,75,65,2.8,PE,2022-07-18 19:08:19
287,Judaberg,59.1659,5.8732,67.14,84,76,3.44,NO,2022-07-18 19:08:20
288,Linhares,-19.3911,-40.0722,77.52,57,99,8.1,BR,2022-07-18 19:06:58
289,Ahipara,-35.1667,173.1667,57.38,86,82,11.48,NZ,2022-07-18 19:08:21
290,Khilok,51.3674,110.4676,59.94,64,78,3.96,RU,2022-07-18 19:08:21
291,Alekseyevka,50.6309,38.6903,58.32,79,0,8.79,RU,2022-07-18 19:08:22
292,Sur,22.5667,59.5289,86.05,82,21,6.4,OM,2022-07-18 19:08:22
293,Lugovoy,42.9472,72.7644,73.53,42,0,3.36,KZ,2022-07-18 19:08:23
294,Bitung,1.4451,125.1824,72.45,79,100,7.4,ID,2022-07-18 19:08:23
295,Port Macquarie,-31.4333,152.9167,43.9,72,92,10.18,AU,2022-07-18 19:08:24
296,Abu Zabad,12.35,29.25,79.66,69,100,12.57,SD,2022-07-18 19:08:24
297,Minab,27.1467,57.0801,92.91,54,100,5.28,IR,2022-07-18 19:08:25
298,Dzaoudzi,-12.7887,45.2699,75.09,69,0,5.75,YT,2022-07-18 19:08:25
299,Uaua,-9.8414,-39.4817,85.62,35,0,21.81,BR,2022-07-18 19:05:34
300,Codajas,-3.8367,-62.0569,96.28,34,84,4.65,BR,2022-07-18 19:08:26
301,Saskylakh,71.9167,114.0833,43.7,84,100,11.5,RU,2022-07-18 19:08:26
302,Ayan,56.45,138.1667,56.39,97,100,10.07,RU,2022-07-18 19:08:27
303,Hobyo,5.3505,48.5268,76.42,78,64,25.81,SO,2022-07-18 19:08:27
304,Nome,64.5011,-165.4064,44.67,76,100,27.63,US,2022-07-18 19:08:28
305,Lompoc,34.6391,-120.4579,80.74,74,0,4.61,US,2022-07-18 19:08:28
306,Vikramasingapuram,8.714,77.3893,78.87,77,100,7.27,IN,2022-07-18 19:08:29
307,Zabrze,50.3249,18.7858,71.87,65,72,1.32,PL,2022-07-18 19:08:30
308,Bathsheba,13.2167,-59.5167,86.61,81,40,19.57,BB,2022-07-18 19:04:53
309,Opuwo,-18.0607,13.84,62.78,29,1,6.73,NA,2022-07-18 19:08:30
310,Puerto Baquerizo Moreno,-0.9,-89.6,74.39,73,75,11.5,EC,2022-07-18 19:08:31
311,Eureka,40.8021,-124.1637,75.2,71,25,4.0,US,2022-07-18 19:08:31
312,Tonantins,-2.8731,-67.8022,91.47,49,90,4.94,BR,2022-07-18 19:08:32
313,Sotouboua,8.5667,0.9833,71.01,93,74,3.96,TG,2022-07-18 19:08:32
314,Angul,20.85,85.1,78.71,87,83,2.82,IN,2022-07-18 19:08:33
315,Raga,8.4596,25.678,71.24,93,85,3.69,SS,2022-07-18 19:08:33
316,Tateyama,34.9833,139.8667,79.11,89,100,21.41,JP,2022-07-18 19:08:33
317,Bhinmal,25.0,72.25,80.02,90,100,7.87,IN,2022-07-18 19:07:11
318,Buzmeyin,38.0507,58.2056,95.74,11,0,4.97,TM,2022-07-18 19:08:34
319,Fredericksburg,38.3032,-77.4605,94.86,63,40,12.66,US,2022-07-18 19:08:34
320,Faanui,-16.4833,-151.75,77.11,66,94,8.23,PF,2022-07-18 19:08:35
321,Dubrovytsya,51.5744,26.565,61.29,70,100,5.84,UA,2022-07-18 19:08:35
322,Egvekinot,66.3167,-179.1667,36.63,53,100,10.07,RU,2022-07-18 19:09:36
323,Campeche,19.0,-90.5,96.51,36,92,8.41,MX,2022-07-18 19:08:59
324,Tijucas,-27.2414,-48.6336,65.32,74,100,2.39,BR,2022-07-18 19:09:36
325,Rawlins,41.7911,-107.2387,89.49,19,20,18.41,US,2022-07-18 19:05:49
326,Leningradskiy,69.3833,178.4167,33.64,89,100,20.83,RU,2022-07-18 19:09:37
327,Peachland,49.7665,-119.7357,81.68,44,13,1.99,CA,2022-07-18 19:09:38
328,Mango,27.9797,-82.3065,94.08,74,4,7.0,US,2022-07-18 19:09:38
329,Ingham,42.6,-84.3833,87.64,47,0,6.91,US,2022-07-18 19:09:39
330,Makaha,21.4694,-158.2175,82.31,69,75,8.05,US,2022-07-18 19:09:39
331,Khuzdar,27.7384,66.6434,77.31,72,25,4.61,PK,2022-07-18 19:04:49
332,Provideniya,64.3833,-173.3,42.57,64,100,23.89,RU,2022-07-18 19:09:40
333,Alice Springs,-23.7,133.8833,44.15,39,92,0.0,AU,2022-07-18 19:09:40
334,Prince Rupert,54.3161,-130.3201,55.67,96,100,4.5,CA,2022-07-18 19:09:41
335,Yarada,17.65,83.2667,80.92,94,75,5.75,IN,2022-07-18 19:09:41
336,Jiuquan,39.7432,98.5174,67.01,40,7,8.37,CN,2022-07-18 19:09:42
337,La Seyne-Sur-Mer,43.0982,5.8847,88.92,62,1,1.99,FR,2022-07-18 19:08:44
338,Norman Wells,65.282,-126.8329,72.18,50,100,4.56,CA,2022-07-18 19:09:42
339,Ransang,8.9603,117.5828,78.22,83,100,2.37,PH,2022-07-18 19:09:43
340,Tra Vinh,9.9347,106.3453,76.89,94,100,4.41,VN,2022-07-18 19:09:43
341,Nosy Varika,-20.5833,48.5333,68.22,86,53,11.79,MG,2022-07-18 19:09:44
342,Najran,17.4924,44.1277,85.39,30,100,6.46,SA,2022-07-18 19:09:44
343,Redmond,47.674,-122.1215,67.73,72,83,1.99,US,2022-07-18 19:09:45
344,Viedma,-40.8135,-62.9967,51.96,29,0,13.53,AR,2022-07-18 19:09:45
345,Mandera,3.9366,41.867,80.74,55,100,19.33,KE,2022-07-18 19:09:46
346,Canutama,-6.5339,-64.3831,96.46,32,39,4.18,BR,2022-07-18 19:09:46
347,Caravelas,-17.7125,-39.2481,76.48,61,48,6.62,BR,2022-07-18 19:09:47
348,Bereda,43.2686,-7.5406,74.41,72,6,1.74,ES,2022-07-18 19:09:47
349,Port Hueneme,34.1478,-119.1951,99.5,75,40,14.97,US,2022-07-18 19:09:48
350,Srednekolymsk,67.45,153.6833,59.22,53,95,5.01,RU,2022-07-18 19:09:48
351,Palotina,-24.2839,-53.84,70.21,67,68,6.64,BR,2022-07-18 19:09:49
352,Espita,21.0167,-88.3167,93.25,35,15,5.41,MX,2022-07-18 19:09:49
353,Sao Filipe,14.8961,-24.4956,75.36,81,40,15.73,CV,2022-07-18 19:09:50
354,Ouahigouya,13.5828,-2.4216,89.94,44,100,14.94,BF,2022-07-18 19:09:50
355,Veraval,20.9,70.3667,80.85,84,100,13.98,IN,2022-07-18 19:09:50
356,Gat,31.61,34.7642,81.39,100,0,3.27,IL,2022-07-18 19:09:51
357,Qasigiannguit,68.8193,-51.1922,48.45,73,64,1.36,GL,2022-07-18 19:09:51
358,Kirakira,-10.4544,161.9205,78.58,84,25,6.31,SB,2022-07-18 19:09:52
359,Kavieng,-2.5744,150.7967,82.29,76,100,13.53,PG,2022-07-18 19:09:52
360,Goundam,16.4145,-3.6708,98.2,31,54,2.62,ML,2022-07-18 19:09:53
361,Marzuq,14.4,46.4667,81.7,53,100,15.75,YE,2022-07-18 19:09:53
362,Bone,51.9669,12.1396,81.72,42,83,4.21,DE,2022-07-18 19:09:54
363,Itacare,-14.2775,-38.9967,76.15,67,3,9.93,BR,2022-07-18 19:09:54
364,Weyburn,49.6668,-103.8511,87.67,44,1,9.71,CA,2022-07-18 19:09:55
365,Komsomolskiy,40.4272,71.7189,81.32,34,0,9.22,UZ,2022-07-18 19:09:55
366,Kyren,51.6828,102.1408,58.66,95,94,2.68,RU,2022-07-18 19:09:56
367,Hranice,49.548,17.7347,70.0,64,28,2.26,CZ,2022-07-18 19:09:56
368,Kaseda,31.4167,130.3167,81.59,91,87,19.98,JP,2022-07-18 19:09:57
369,Mogadishu,2.0371,45.3438,76.19,80,78,17.16,SO,2022-07-18 19:10:57
370,Sarrebourg,48.7333,7.05,86.61,39,9,6.82,FR,2022-07-18 19:06:47
371,Hovd,48.0056,91.6419,56.59,79,96,4.76,MN,2022-07-18 19:10:58
372,Linjiang,41.8069,126.9078,61.99,99,18,1.3,CN,2022-07-18 19:10:58
373,Kolpny,52.2282,37.0368,55.71,93,8,10.6,RU,2022-07-18 19:10:59
374,Diffa,13.3154,12.6113,83.68,56,14,11.48,NE,2022-07-18 19:10:59
375,Tabou,4.423,-7.3528,74.97,76,89,9.55,CI,2022-07-18 19:10:59
376,Pisco,-13.7,-76.2167,66.02,82,19,11.5,PE,2022-07-18 19:10:09
377,Nago,26.5881,127.9761,82.83,88,100,14.34,JP,2022-07-18 19:11:00
378,Yar-Sale,66.8333,70.8333,59.32,65,97,4.12,RU,2022-07-18 19:11:00
379,Riyadh,24.6877,46.7219,98.74,11,54,8.63,SA,2022-07-18 19:07:06
380,Vanavara,60.34,102.2797,59.02,85,100,2.44,RU,2022-07-18 19:11:01
381,Samarai,-10.6167,150.6667,79.59,82,23,7.61,PG,2022-07-18 19:11:02
382,Manali,13.1667,80.2667,85.06,82,100,8.41,IN,2022-07-18 19:11:02
383,Abu Kamal,34.4506,40.9171,96.35,14,0,7.0,SY,2022-07-18 19:11:03
384,Mayo,38.8876,-76.5119,92.93,72,75,13.8,US,2022-07-18 19:11:03
385,Nemuro,43.3236,145.575,60.62,99,100,7.36,JP,2022-07-18 19:11:04
386,Staroderevyankovskaya,46.1276,38.9674,67.73,36,0,8.48,RU,2022-07-18 19:11:04
387,Tartagal,-22.5164,-63.8013,70.48,31,5,5.44,AR,2022-07-18 19:11:05
388,Palembang,-2.9167,104.7458,74.41,95,45,2.68,ID,2022-07-18 19:11:05
389,Emba,48.8264,58.1442,91.13,23,3,16.33,KZ,2022-07-18 19:11:06
390,Kutum,14.2,24.6667,85.21,32,55,6.35,SD,2022-07-18 19:11:06
391,Khatanga,71.9667,102.5,52.57,76,100,3.44,RU,2022-07-18 19:11:07
392,Omboue,-1.5746,9.2618,72.14,85,16,7.09,GA,2022-07-18 19:06:09
393,Kaeo,-35.1,173.7833,56.32,96,86,11.72,NZ,2022-07-18 19:11:07
394,Matara,5.9485,80.5353,79.32,84,67,14.25,LK,2022-07-18 19:11:08
395,Troitsko-Pechorsk,62.7084,56.1964,63.82,68,88,3.27,RU,2022-07-18 19:11:08
396,Axim,4.8699,-2.2405,75.81,75,95,7.0,GH,2022-07-18 19:10:52
397,Guanica,17.9716,-66.908,89.13,72,17,13.62,PR,2022-07-18 19:11:09
398,Ukiah,39.1502,-123.2078,99.45,28,0,5.75,US,2022-07-18 19:11:10
399,Nossa Senhora Da Gloria,-10.2183,-37.4203,75.47,76,18,12.24,BR,2022-07-18 19:11:10
400,Jiayuguan,39.8167,98.3,65.62,39,6,4.99,CN,2022-07-18 19:11:10
401,Ulaangom,49.9811,92.0667,58.86,66,99,1.86,MN,2022-07-18 19:11:11
402,Deputatskiy,69.3,139.9,45.5,79,100,4.94,RU,2022-07-18 19:11:11
403,Leshukonskoye,64.8989,45.7622,60.46,78,100,3.87,RU,2022-07-18 19:11:12
404,Mana,5.6592,-53.7767,82.08,80,66,9.06,GF,2022-07-18 19:11:13
405,Pachino,36.7186,15.0907,81.16,62,0,3.67,IT,2022-07-18 19:11:13
406,Krasnyy Yar,46.5331,48.3456,84.13,38,6,13.71,RU,2022-07-18 19:11:13
407,Taoudenni,22.6783,-3.9836,103.6,5,0,5.68,ML,2022-07-18 19:09:48
408,Aksarka,66.5606,67.7975,60.51,63,99,5.77,RU,2022-07-18 19:11:14
409,Zlobin,45.2924,14.6541,76.3,23,0,4.61,HR,2022-07-18 19:11:15
410,Mehamn,71.0357,27.8492,64.35,59,45,4.61,NO,2022-07-18 19:11:15
411,Beaverlodge,55.2166,-119.4361,76.82,42,9,13.24,CA,2022-07-18 19:11:15
412,Znamenskoye,57.1281,73.8282,58.41,78,100,5.14,RU,2022-07-18 19:11:16
413,Namatanai,-3.6667,152.4333,78.21,76,100,7.81,PG,2022-07-18 19:11:16
414,Payao,10.1833,122.95,76.1,94,100,3.87,PH,2022-07-18 19:11:17
415,Isangel,-19.55,169.2667,75.87,89,100,10.25,VU,2022-07-18 19:11:12
416,Port Hardy,50.6996,-127.4199,58.41,79,100,4.63,CA,2022-07-18 19:08:34
417,Tuatapere,-46.1333,167.6833,45.45,87,100,1.41,NZ,2022-07-18 19:12:18
418,Nioro,13.35,-15.75,81.28,77,100,8.88,GM,2022-07-18 19:12:18
419,High Rock,26.6208,-78.2833,87.82,70,8,15.19,BS,2022-07-18 19:12:19
420,Tura,25.5198,90.2201,74.75,96,99,4.88,IN,2022-07-18 19:12:19
421,Samarinda,-0.5,117.15,72.97,94,100,0.67,ID,2022-07-18 19:09:05
422,Qeshm,26.9581,56.2719,93.07,75,100,8.79,IR,2022-07-18 19:12:20
423,Gap,44.6667,6.0,61.16,68,100,4.18,FR,2022-07-18 19:07:33
424,Coutances,49.05,-1.4333,96.55,16,2,8.5,FR,2022-07-18 19:12:20
425,Toowoomba,-27.55,151.9667,46.26,60,4,3.49,AU,2022-07-18 19:11:58
426,Mareeba,-17.0,145.4333,59.43,91,5,2.06,AU,2022-07-18 19:12:21
427,Harper,4.375,-7.7169,74.97,77,92,10.87,LR,2022-07-18 19:12:22
428,Doos,10.4653,124.7294,78.03,96,100,7.43,PH,2022-07-18 19:12:22
429,Takayama,36.1333,137.25,68.2,97,100,4.16,JP,2022-07-18 19:12:22
430,Amurzet,47.6967,131.0981,61.95,98,87,8.79,RU,2022-07-18 19:12:23
431,Hasaki,35.7333,140.8333,77.4,84,100,10.13,JP,2022-07-18 19:12:23
432,Maniitsoq,65.4167,-52.9,44.22,90,100,3.78,GL,2022-07-18 19:12:24
433,Tyup,42.7276,78.3648,59.43,69,1,5.95,KG,2022-07-18 19:12:24
434,Merauke,-8.4667,140.3333,75.58,90,57,12.37,ID,2022-07-18 19:12:25
435,Shingu,33.7333,135.9833,79.0,93,100,6.91,JP,2022-07-18 19:12:25
436,Bandarbeyla,9.4942,50.8122,76.32,80,98,33.46,SO,2022-07-18 19:08:41
437,Norcasia,5.5778,-74.8852,89.67,40,21,5.59,CO,2022-07-18 19:12:26
438,Liusha,27.2098,108.59,69.33,98,100,1.66,CN,2022-07-18 19:12:27
439,Hofn,64.2539,-15.2082,53.62,76,100,9.22,IS,2022-07-18 19:11:15
440,Mount Gambier,-37.8333,140.7667,37.31,93,75,3.44,AU,2022-07-18 19:12:27
441,Yumen,40.2833,97.2,66.78,45,1,3.58,CN,2022-07-18 19:12:28
442,Kruisfontein,-34.0033,24.7314,60.89,88,93,1.97,ZA,2022-07-18 19:12:29
443,Yairipok,24.6667,94.0667,70.77,98,100,1.81,IN,2022-07-18 19:12:29
444,Marsa Matruh,31.3525,27.2453,77.45,78,0,14.09,EG,2022-07-18 19:12:30
445,Paraguacu,-21.5472,-45.7375,83.43,24,10,7.58,BR,2022-07-18 19:12:30
446,Namibe,-15.1961,12.1522,64.78,88,61,4.41,AO,2022-07-18 19:12:30
447,Misratah,32.3754,15.0925,82.06,64,0,12.86,LY,2022-07-18 19:12:31
448,Bodden Town,19.2833,-81.25,91.4,71,20,9.22,KY,2022-07-18 19:12:31
449,Sibolga,1.7427,98.7792,77.86,84,100,2.66,ID,2022-07-18 19:12:32
450,Laguna,38.421,-121.4238,100.31,30,0,8.05,US,2022-07-18 19:12:32
451,Te Anau,-45.4167,167.7167,42.69,96,100,1.79,NZ,2022-07-18 19:12:33
452,Morgan City,29.6994,-91.2068,90.0,54,92,9.82,US,2022-07-18 19:09:22
453,Waverley,-25.7023,28.2591,57.52,42,0,2.39,ZA,2022-07-18 19:12:33
454,Kloulklubed,7.0419,134.2556,82.44,70,100,4.07,PW,2022-07-18 19:12:34
455,Bubaque,11.2833,-15.8333,79.07,84,100,10.56,GW,2022-07-18 19:10:11
456,Ketchikan,55.3422,-131.6461,57.67,94,100,13.8,US,2022-07-18 19:12:34
457,Puerto Escondido,15.85,-97.0667,88.63,58,40,9.22,MX,2022-07-18 19:12:35
458,Taltal,-25.4,-70.4833,62.82,65,2,3.71,CL,2022-07-18 19:10:20
459,Rio Gallegos,-51.6226,-69.2181,41.05,70,0,17.27,AR,2022-07-18 19:12:35
460,Banda Aceh,5.5577,95.3222,79.41,78,28,9.22,ID,2022-07-18 19:12:36
461,Plettenberg Bay,-34.0527,23.3716,60.53,82,100,5.32,ZA,2022-07-18 19:12:36
462,Dabakala,8.3667,-4.4333,73.33,92,57,5.46,CI,2022-07-18 19:13:37
463,Ipixuna,-1.7625,-48.8043,82.94,69,99,2.37,BR,2022-07-18 19:13:37
464,Soyo,-6.1349,12.3689,71.28,85,5,7.78,AO,2022-07-18 19:13:38
465,Tabon,9.2388,117.9946,77.38,86,100,5.19,PH,2022-07-18 19:13:38
466,Yarke Pole,45.608,34.3172,66.9,43,0,7.45,UA,2022-07-18 19:13:39
467,Soltsy,58.1239,30.3238,53.29,81,39,3.2,RU,2022-07-18 19:13:39
468,Mayumba,-3.432,10.6554,70.72,90,6,7.09,GA,2022-07-18 19:13:40
469,Svecha,58.2785,47.5164,63.21,97,100,7.38,RU,2022-07-18 19:13:40
470,Tooele,40.5308,-112.2983,93.9,29,0,12.66,US,2022-07-18 19:13:41
471,Cockburn Town,21.4612,-71.1419,85.96,58,40,16.11,TC,2022-07-18 19:13:41
472,Macau,22.2006,113.5461,86.86,89,40,12.66,MO,2022-07-18 19:13:42
473,Hauterive,46.0901,3.4459,90.36,41,0,6.49,FR,2022-07-18 19:13:42
474,Kusti,13.1629,32.6635,81.07,68,67,23.6,SD,2022-07-18 19:13:42
475,Ilhabela,-23.7781,-45.3581,69.1,93,100,5.97,BR,2022-07-18 19:10:54
476,Hasilpur,29.7122,72.5553,94.62,53,12,1.7,PK,2022-07-18 19:13:43
477,Kupang,-10.1667,123.5833,68.95,78,89,8.25,ID,2022-07-18 19:13:44
478,Sao Joao Da Barra,-21.6403,-41.0511,78.89,77,0,12.91,BR,2022-07-18 19:13:44
479,Langsa,4.4683,97.9683,77.4,95,98,2.26,ID,2022-07-18 19:13:45
480,Itarema,-2.9248,-39.9167,81.81,63,7,17.18,BR,2022-07-18 19:12:04
481,Bandar-E Anzali,37.4727,49.4622,79.97,70,0,1.52,IR,2022-07-18 19:13:45
482,Luang Prabang,19.8856,102.1347,75.87,97,100,1.57,LA,2022-07-18 19:13:46
483,Tyukhtet,56.5389,89.3011,54.7,99,100,10.63,RU,2022-07-18 19:13:46
484,Shenandoah,30.4013,-91.0009,93.88,70,100,5.97,US,2022-07-18 19:13:47
485,Cayenne,4.9333,-52.3333,82.44,1,0,3.44,GF,2022-07-18 19:13:47
486,Umtata,-31.5889,28.7844,56.17,37,6,4.72,ZA,2022-07-18 19:13:48
487,Kudahuvadhoo,2.6708,72.8944,81.7,76,100,12.91,MV,2022-07-18 19:13:48
488,Tilichiki,60.4667,166.1,54.64,70,100,1.77,RU,2022-07-18 19:13:49
489,Sena Madureira,-9.0656,-68.6569,92.48,40,3,3.58,BR,2022-07-18 19:13:49
490,Montepuez,-13.1256,38.9997,65.95,78,79,5.44,MZ,2022-07-18 19:13:50
491,Cortez,37.3489,-108.5859,90.36,24,0,3.44,US,2022-07-18 19:13:51
492,Liverpool,53.4106,-2.9779,93.15,31,0,5.75,GB,2022-07-18 19:13:51
493,Lages,-27.8161,-50.3261,54.34,89,100,2.51,BR,2022-07-18 19:13:51
494,Carballo,43.213,-8.691,76.69,68,0,8.79,ES,2022-07-18 19:13:52
495,Falmouth,50.1544,-5.0711,83.3,56,0,14.97,GB,2022-07-18 19:13:53
496,Touros,-5.1989,-35.4608,80.35,75,89,15.79,BR,2022-07-18 19:09:47
497,Leshan,29.5623,103.7639,72.77,80,100,2.98,CN,2022-07-18 19:13:53
498,Oranjemund,-28.55,16.4333,56.46,91,1,6.64,NA,2022-07-18 19:13:54
499,Sabha,27.0377,14.4283,87.55,21,0,10.07,LY,2022-07-18 19:13:54
500,Wuwei,37.9281,102.6414,61.79,74,100,3.56,CN,2022-07-18 19:13:55
501,Cam Ranh,11.9214,109.1591,80.56,78,40,1.14,VN,2022-07-18 19:10:50
502,Balkanabat,39.5108,54.3671,99.97,14,0,10.45,TM,2022-07-18 19:09:12
503,Tecoanapa,16.5167,-98.75,86.13,66,88,9.53,MX,2022-07-18 19:13:55
504,Galesong,-5.3166,119.3661,73.42,81,100,4.43,ID,2022-07-18 19:13:56
505,Rawson,-43.3002,-65.1023,50.11,38,75,22.77,AR,2022-07-18 19:13:56
506,Kyaikto,17.3,97.0167,79.59,88,83,3.87,MM,2022-07-18 19:13:57
507,Lake City,30.1897,-82.6393,82.65,74,75,8.05,US,2022-07-18 19:13:57
508,Khovu-Aksy,51.1333,93.6,49.39,85,100,1.92,RU,2022-07-18 19:13:58
509,Mauchline,55.516,-4.3793,78.64,50,0,3.44,GB,2022-07-18 19:13:58
510,Sidney,-33.8679,151.2073,51.1,75,75,21.85,AU,2022-07-18 19:10:01
511,Marshall,34.3834,-86.3333,86.38,67,40,11.5,US,2022-07-18 19:14:59
512,Bethel,41.3712,-73.414,76.64,92,100,3.44,US,2022-07-18 19:14:59
513,Qaqortoq,60.7167,-46.0333,48.38,75,100,5.35,GL,2022-07-18 19:14:30
514,Innisfail,-17.5333,146.0333,61.29,91,2,5.82,AU,2022-07-18 19:15:00
515,Maltahohe,-24.8333,16.9833,56.57,28,5,5.84,NA,2022-07-18 19:15:01
516,San Lazaro,18.0387,-88.6622,90.9,53,97,10.18,BZ,2022-07-18 19:15:01
517,Takefu,35.9039,136.1669,74.5,92,100,10.0,JP,2022-07-18 19:15:02
518,Pilibanga,29.4916,74.079,95.18,50,25,4.63,IN,2022-07-18 19:15:02
519,Troyes,48.3333,4.0833,95.05,20,0,5.75,FR,2022-07-18 19:15:03
520,China,25.7,-99.2333,98.38,28,0,10.36,MX,2022-07-18 19:15:04
521,Gwadar,25.1216,62.3254,84.11,89,99,12.01,PK,2022-07-18 19:15:04
522,Kawalu,-7.3817,108.2082,72.07,97,100,1.36,ID,2022-07-18 19:15:04
523,Port Moresby,-9.4431,147.1797,76.42,94,75,2.3,PG,2022-07-18 19:15:05
524,Villacarrillo,38.1156,-3.0848,93.52,17,68,14.5,ES,2022-07-18 19:15:05
525,Hohhot,40.8106,111.6522,72.3,25,100,6.04,CN,2022-07-18 19:15:06
526,Bunol,39.4167,-0.7833,83.82,46,0,5.37,ES,2022-07-18 19:15:07
527,Samoded,63.6083,40.5111,56.95,73,100,1.77,RU,2022-07-18 19:15:07
528,Blackwater,-23.5833,148.8833,55.8,65,5,5.82,AU,2022-07-18 19:12:30
529,Codrington,-38.2667,141.9667,46.94,77,100,6.93,AU,2022-07-18 19:15:08
530,Luderitz,-26.6481,15.1594,60.08,76,0,11.95,NA,2022-07-18 19:15:08
531,Ukhta,63.5671,53.6835,64.65,63,100,4.07,RU,2022-07-18 19:10:51
532,Karoi,-16.8099,29.6925,55.35,60,49,2.86,ZW,2022-07-18 19:15:09
533,Meulaboh,4.1363,96.1285,76.39,85,98,3.42,ID,2022-07-18 19:15:09
534,Cruzeiro Do Sul,-29.5128,-51.9853,65.48,74,0,4.5,BR,2022-07-18 19:15:10
535,Orlik,52.5178,99.825,50.79,96,100,2.46,RU,2022-07-18 19:15:10
536,Arosa,46.7779,9.6762,68.52,64,94,3.11,CH,2022-07-18 19:15:11
537,Coquimbo,-29.9533,-71.3436,60.53,72,0,10.36,CL,2022-07-18 19:11:04
538,Les Cayes,18.2,-73.75,88.29,60,0,16.4,HT,2022-07-18 19:15:12
539,Okato,-39.2,173.8833,56.17,83,100,20.0,NZ,2022-07-18 19:15:13
540,Iralaya,15.0,-83.2333,82.67,84,76,15.64,HN,2022-07-18 19:15:13
541,Tazovskiy,67.4667,78.7,55.54,64,100,10.42,RU,2022-07-18 19:15:14
542,Mecca,21.4267,39.8261,90.52,23,58,6.4,SA,2022-07-18 19:15:14
543,Maine-Soroa,13.2114,12.0241,82.65,59,12,11.68,NE,2022-07-18 19:15:15
544,Abalak,58.1286,68.5944,59.0,70,67,5.53,RU,2022-07-18 19:15:15
545,Consolacion Del Sur,22.5047,-83.5136,91.53,51,4,10.02,CU,2022-07-18 19:15:16
546,Auki,-8.7676,160.7034,76.21,86,89,3.91,SB,2022-07-18 19:15:17
547,Wanning,18.8003,110.3967,82.27,92,100,9.55,CN,2022-07-18 19:15:17
548,Itoman,26.1247,127.6694,82.78,94,20,8.05,JP,2022-07-18 19:15:18
549,Aqtobe,50.2797,57.2072,86.09,32,0,13.42,KZ,2022-07-18 19:11:22
550,Nsanje,-16.92,35.262,66.96,84,1,3.2,MW,2022-07-18 19:15:18
551,San Carlos De Bariloche,-41.1456,-71.3082,37.15,60,0,17.27,AR,2022-07-18 19:15:19
552,Ascension,30.2169,-90.9001,96.01,65,40,5.75,US,2022-07-18 19:15:19
553,Mindelo,16.8901,-24.9804,81.95,47,20,27.63,CV,2022-07-18 19:15:20
554,Det Udom,14.906,105.0784,78.62,87,66,6.29,TH,2022-07-18 19:15:21
555,Goderich,43.7501,-81.7165,75.9,83,4,12.06,CA,2022-07-18 19:15:21
556,Wanaka,-44.7,169.15,45.1,96,100,1.99,NZ,2022-07-18 19:16:22
557,Morros,-9.4467,-46.3003,91.85,19,5,7.7,BR,2022-07-18 19:16:22
558,Hambantota,6.1241,81.1185,78.87,82,86,15.37,LK,2022-07-18 19:16:22
559,Uri,34.0833,74.0333,74.55,92,87,2.37,IN,2022-07-18 19:16:23
560,North Bend,43.4065,-124.2243,79.25,78,0,23.02,US,2022-07-18 19:11:46
561,Ainring,47.8167,12.95,76.95,44,0,4.61,DE,2022-07-18 19:16:24
562,Rocha,-34.4833,-54.3333,57.72,64,0,8.1,UY,2022-07-18 19:16:24
563,Naukot,24.8587,69.4024,84.87,72,100,14.43,PK,2022-07-18 19:16:25
564,Louros,39.1628,20.7519,80.46,75,4,0.58,GR,2022-07-18 19:16:25
565,Alofi,-19.0595,-169.9187,73.29,83,40,10.36,NU,2022-07-18 19:16:26
566,Bakchar,57.0186,82.0711,51.93,97,93,5.66,RU,2022-07-18 19:16:26
567,Vestmanna,62.1564,-7.1664,50.92,87,75,6.91,FO,2022-07-18 19:16:27
568,Eyl,7.9803,49.8164,77.56,72,100,29.15,SO,2022-07-18 19:13:20
569,Leh,34.1667,77.5833,68.49,33,73,4.0,IN,2022-07-18 19:16:27
570,Limpapa,7.1197,121.9106,74.77,84,100,2.06,PH,2022-07-18 19:16:28
